labeler,skin_type,undertone,skin_depth,finish,coverage,fragrance_free,price_max,brand,product,shade_name,rating,notes
maya,oily|acne_prone,warm,medium,matte|natural,medium,preferred,60,Fenty Beauty,Pro Filt'r Soft Matte Longwear Foundation,240,5,exact warm + matte for oily
maya,oily|acne_prone,warm,medium,matte|natural,medium,preferred,60,MAC,Studio Fix Fluid SPF 15,NC25,5,oil-control matte classic
maya,oily|acne_prone,warm,medium,matte|natural,medium,preferred,60,Maybelline,Fit Me Matte + Poreless Foundation,Natural Beige,4,drugstore matte that works
maya,oily|acne_prone,warm,medium,matte|natural,medium,preferred,60,Rare Beauty,Liquid Touch Weightless Foundation,230W,3,shade ok but finish too natural for oily
maya,oily|acne_prone,warm,medium,matte|natural,medium,preferred,60,NARS,Natural Radiant Longwear Foundation,Punjab,2,too radiant / dewy for oily
priya,dry|sensitive,cool,fair,dewy|natural,light,required,60,Ilia,Super Serum Skin Tint SPF 40,Rendezvous ST2,5,dewy + fragrance-free + SPF
priya,dry|sensitive,cool,fair,dewy|natural,light,required,60,Rare Beauty,Liquid Touch Weightless Foundation,110C,4,gentle natural finish
priya,dry|sensitive,cool,fair,dewy|natural,light,required,60,Kosas,Revealer Skin Improving Foundation SPF 25,Tone 1.5,5,hydrating serum-foundation
priya,dry|sensitive,cool,fair,dewy|natural,light,required,60,NARS,Sheer Glow Foundation,Siberia,2,fragrance + dry-skin irritation risk
priya,dry|sensitive,cool,fair,dewy|natural,light,required,60,Charlotte Tilbury,Beautiful Skin Foundation,1 Fair Cool,2,shade ok but fragrance-heavy
priya,dry|sensitive,cool,fair,dewy|natural,light,required,60,MAC,Studio Fix Fluid SPF 15,NW10,1,matte + talc too drying
alex,combination,neutral,light,natural,medium,no_pref,40,Rare Beauty,Liquid Touch Weightless Foundation,110C,4,everyday natural
alex,combination,neutral,light,natural,medium,no_pref,40,Fenty Beauty,Eaze Drop Blurring Skin Tint,2,4,skin tint when I want less coverage
alex,combination,neutral,light,natural,medium,no_pref,40,Glossier,Perfecting Skin Tint,G1,3,too sheer for me
alex,combination,neutral,light,natural,medium,no_pref,40,Maybelline,Fit Me Dewy + Smooth Foundation SPF 18,Ivory,3,fine drugstore dewy
jordan,oily,cool,fair,matte,full,preferred,55,NARS,Soft Matte Complete Foundation,Mont Blanc,4,full matte for events
jordan,oily,cool,fair,matte,full,preferred,55,Estée Lauder,Double Wear Stay-in-Place Foundation SPF 10,Fresco 2C3,5,long-wear workhorse
jordan,oily,cool,fair,matte,full,preferred,55,Charlotte Tilbury,Airbrush Flawless Foundation,2 Cool,3,finish good; fragrance not ideal
jordan,oily,cool,fair,matte,full,preferred,55,Maybelline,Super Stay 24H Full Coverage Foundation,Ivory,4,budget full coverage
sam,dry,warm,light,dewy|satin,light,no_pref,50,MAC,Studio Radiance Serum-Powered Foundation,NC15,5,hydrating radiant
sam,dry,warm,light,dewy|satin,light,no_pref,50,Ilia,True Skin Serum Foundation,Reti SF5,5,satin-natural serum
sam,dry,warm,light,dewy|satin,light,no_pref,50,NARS,Sheer Glow Foundation,Fiji,4,glow is right; fragrance is a maybe
sam,dry,warm,light,dewy|satin,light,no_pref,50,Fenty Beauty,Pro Filt'r Soft Matte Longwear Foundation,240,1,matte clings on dry patches
lee,normal,warm,tan,natural,medium,no_pref,60,Rare Beauty,Liquid Touch Weightless Foundation,400W,5,warm tan match
lee,normal,warm,tan,natural,medium,no_pref,60,Fenty Beauty,Pro Filt'r Soft Matte Longwear Foundation,410,4,good warmth
lee,normal,warm,tan,natural,medium,no_pref,60,NARS,Natural Radiant Longwear Foundation,Syracuse,4,radiant warm
lee,normal,warm,tan,natural,medium,no_pref,60,Glossier,Perfecting Skin Tint,G10,3,pretty but too sheer
renee,sensitive,neutral,medium,natural|dewy,medium,required,50,Kosas,Revealer Skin Improving Foundation SPF 25,Tone 5,5,fragrance-free + niacinamide
renee,sensitive,neutral,medium,natural|dewy,medium,required,50,Ilia,True Skin Serum Foundation,Corse SF8,5,clean formula
renee,sensitive,neutral,medium,natural|dewy,medium,required,50,Fenty Beauty,Eaze Drop Blurring Skin Tint,11,4,unfragranced tint
renee,sensitive,neutral,medium,natural|dewy,medium,required,50,MAC,Studio Radiance Serum-Powered Foundation,NW25,2,not fragrance-free
nico,acne_prone,neutral,deep,matte,medium,preferred,20,Maybelline,Fit Me Matte + Poreless Foundation,Mocha,5,under $10 and matte
nico,acne_prone,neutral,deep,matte,medium,preferred,20,Maybelline,Super Stay 24H Full Coverage Foundation,Mocha,4,full coverage for breakouts
nico,acne_prone,neutral,deep,matte,medium,preferred,20,Revlon,ColorStay Makeup for Combination/Oily Skin,Mahogany,4,matte and in budget
aya,combination,olive,medium,natural,light,no_pref,70,Fenty Beauty,Eaze Drop Blurring Skin Tint,11,4,neutral medium — closest we have to olive
aya,combination,olive,medium,natural,light,no_pref,70,Glossier,Perfecting Skin Tint,G7,3,neutral but too sheer
aya,combination,olive,medium,natural,light,no_pref,70,Ilia,True Skin Serum Foundation,Corse SF8,4,neutral light-medium serum
